"Designator","Value","Footprint","Qty"
"BT801","Battery_Holder_MS621FE-FL11E","antmicro-footprints:MS621FE-FL11E","1"
"C201","C_100n_0402","antmicro-footprints:C_0402_1005Metric","1"
"C202","C_100n_0402","antmicro-footprints:C_0402_1005Metric","1"
"C203","C_100n_0402","antmicro-footprints:C_0402_1005Metric","1"
"C204","C_100n_0402","antmicro-footprints:C_0402_1005Metric","1"
"C206","C_100n_0402","antmicro-footprints:C_0402_1005Metric","1"
"C207","C_100n_0402","antmicro-footprints:C_0402_1005Metric","1"
"C209","C_10u_0402","antmicro-footprints:C_0402_1005Metric","1"
"C210","C_100n_0402","antmicro-footprints:C_0402_1005Metric","1"
"C301","C_1u_25V_0402","antmicro-footprints:C_0402_1005Metric","1"
"C302","C_100n_0402","antmicro-footprints:C_0402_1005Metric","1"
"C303","C_22u_25V_0805","antmicro-footprints:C_0805_2012Metric","1"
"C304","C_22u_25V_0805","antmicro-footprints:C_0805_2012Metric","1"
"C305","C_22u_25V_0805","antmicro-footprints:C_0805_2012Metric","1"
"C306","C_22u_25V_0805","antmicro-footprints:C_0805_2012Metric","1"
"C307","C_100n_0402","antmicro-footprints:C_0402_1005Metric","1"
"C308","C_100n_0402","antmicro-footprints:C_0402_1005Metric","1"
"C309","C_100n_0402","antmicro-footprints:C_0402_1005Metric","1"
"C310","C_100n_0402","antmicro-footprints:C_0402_1005Metric","1"
"C311","C_1u_0402","antmicro-footprints:C_0402_1005Metric","1"
"C312","C_22u_25V_0805","antmicro-footprints:C_0805_2012Metric","1"
"C313","C_22u_25V_0805","antmicro-footprints:C_0805_2012Metric","1"
"C314","C_22u_25V_0805","antmicro-footprints:C_0805_2012Metric","1"
"C315","C_22u_25V_0805","antmicro-footprints:C_0805_2012Metric","1"
"C316","C_22u_25V_0805","antmicro-footprints:C_0805_2012Metric","1"
"C317","C_22u_25V_0805","antmicro-footprints:C_0805_2012Metric","1"
"C318","C_22u_25V_0805","antmicro-footprints:C_0805_2012Metric","1"
"C401","C_100n_100V_0805","antmicro-footprints:C_0805_2012Metric","1"
"C402","C_10n_0402","antmicro-footprints:C_0402_1005Metric","1"
"C403","C_100n_0402","antmicro-footprints:C_0402_1005Metric","1"
"C404","C_22u_100V_2220","antmicro-footprints:C_2220_5650Metric","1"
"C405","C_22u_100V_2220","antmicro-footprints:C_2220_5650Metric","1"
"C406","C_22u_100V_2220","antmicro-footprints:C_2220_5650Metric","1"
"C407","C_22u_100V_2220","antmicro-footprints:C_2220_5650Metric","1"
"C408","C_22u_25V_0805","antmicro-footprints:C_0805_2012Metric","1"
"C409","C_22u_25V_0805","antmicro-footprints:C_0805_2012Metric","1"
"C410","C_22u_25V_0805","antmicro-footprints:C_0805_2012Metric","1"
"C411","C_100n_0402","antmicro-footprints:C_0402_1005Metric","1"
"C501","C_10u_0402","antmicro-footprints:C_0402_1005Metric","1"
"C502","C_1u_0402","antmicro-footprints:C_0402_1005Metric","1"
"C503","C_10u_0402","antmicro-footprints:C_0402_1005Metric","1"
"C504","C_1u_0402","antmicro-footprints:C_0402_1005Metric","1"
"C505","C_10u_0402","antmicro-footprints:C_0402_1005Metric","1"
"C506","C_1u_0402","antmicro-footprints:C_0402_1005Metric","1"
"C507","C_1u_0402","antmicro-footprints:C_0402_1005Metric","1"
"C601","C_100n_0402","antmicro-footprints:C_0402_1005Metric","1"
"C602","C_100n_0402","antmicro-footprints:C_0402_1005Metric","1"
"C603","C_1u_0402","antmicro-footprints:C_0402_1005Metric","1"
"C604","C_1u_0402","antmicro-footprints:C_0402_1005Metric","1"
"C701","C_10u_0402","antmicro-footprints:C_0402_1005Metric","1"
"C702","C_10u_0402","antmicro-footprints:C_0402_1005Metric","1"
"C703","C_10u_0402","antmicro-footprints:C_0402_1005Metric","1"
"C801","C_4u7_0402","antmicro-footprints:C_0402_1005Metric","1"
"C802","C_1u_0402","antmicro-footprints:C_0402_1005Metric","1"
"C803","C_4u7_0402","antmicro-footprints:C_0402_1005Metric","1"
"C804","C_100n_0402","antmicro-footprints:C_0402_1005Metric","1"
"C805","C_2u2_0402","antmicro-footprints:C_0402_1005Metric","1"
"C806","C_2u2_0402","antmicro-footprints:C_0402_1005Metric","1"
"C807","C_2u2_0402","antmicro-footprints:C_0402_1005Metric","1"
"C808","C_2u2_0402","antmicro-footprints:C_0402_1005Metric","1"
"C809","C_100n_0402","antmicro-footprints:C_0402_1005Metric","1"
"C810","C_10p_0402","antmicro-footprints:C_0402_1005Metric","1"
"C811","C_12p_0402","antmicro-footprints:C_0402_1005Metric","1"
"C812","C_1n_0402","antmicro-footprints:C_0402_1005Metric","1"
"C813","C_1n_0402","antmicro-footprints:C_0402_1005Metric","1"
"C814","C_12p_0402","antmicro-footprints:C_0402_1005Metric","1"
"C815","C_10p_0402","antmicro-footprints:C_0402_1005Metric","1"
"C818","C_470p_100V_0402","antmicro-footprints:C_0402_1005Metric","1"
"C819","C_470p_100V_0402","antmicro-footprints:C_0402_1005Metric","1"
"C821","C_36p_0402","antmicro-footprints:C_0402_1005Metric","1"
"C822","C_36p_0402","antmicro-footprints:C_0402_1005Metric","1"
"C824","C_39p_0402","antmicro-footprints:C_0402_1005Metric","1"
"C825","C_39p_0402","antmicro-footprints:C_0402_1005Metric","1"
"C828","C_100n_0402","antmicro-footprints:C_0402_1005Metric","1"
"C901","C_100n_0402","antmicro-footprints:C_0402_1005Metric","1"
"C902","C_100n_0402","antmicro-footprints:C_0402_1005Metric","1"
"C903","C_100n_0402","antmicro-footprints:C_0402_1005Metric","1"
"C904","C_100n_0402","antmicro-footprints:C_0402_1005Metric","1"
"C905","C_22u_25V_0805","antmicro-footprints:C_0805_2012Metric","1"
"C906","C_100n_0402","antmicro-footprints:C_0402_1005Metric","1"
"C907","C_22u_25V_0805","antmicro-footprints:C_0805_2012Metric","1"
"C908","C_10u_0402","antmicro-footprints:C_0402_1005Metric","1"
"C909","C_100n_0402","antmicro-footprints:C_0402_1005Metric","1"
"C910","C_100n_0402","antmicro-footprints:C_0402_1005Metric","1"
"C911","C_22u_25V_0805","antmicro-footprints:C_0805_2012Metric","1"
"C912","C_100n_0402","antmicro-footprints:C_0402_1005Metric","1"
"C913","C_100n_0402","antmicro-footprints:C_0402_1005Metric","1"
"C914","C_100n_0402","antmicro-footprints:C_0402_1005Metric","1"
"C915","C_100n_0402","antmicro-footprints:C_0402_1005Metric","1"
"C916","C_100n_0402","antmicro-footprints:C_0402_1005Metric","1"
"C917","C_100n_0402","antmicro-footprints:C_0402_1005Metric","1"
"C918","C_100n_0402","antmicro-footprints:C_0402_1005Metric","1"
"C919","C_100n_0402","antmicro-footprints:C_0402_1005Metric","1"
"C920","C_100n_0402","antmicro-footprints:C_0402_1005Metric","1"
"C921","C_100n_0402","antmicro-footprints:C_0402_1005Metric","1"
"C922","C_100n_0402","antmicro-footprints:C_0402_1005Metric","1"
"C923","C_100n_0402","antmicro-footprints:C_0402_1005Metric","1"
"C924","C_4u7_0402","antmicro-footprints:C_0402_1005Metric","1"
"C925","C_4u7_0402","antmicro-footprints:C_0402_1005Metric","1"
"C926","C_18p_0402","antmicro-footprints:C_0402_1005Metric","1"
"C927","C_18p_0402","antmicro-footprints:C_0402_1005Metric","1"
"C928","C_100n_0402","antmicro-footprints:C_0402_1005Metric","1"
"C929","C_Pol_330u_6.3V_KEMET-T520-B","antmicro-footprints:C_Pol_EIA-B","1"
"C930","C_100n_0402","antmicro-footprints:C_0402_1005Metric","1"
"C931","C_1u_25V_0402","antmicro-footprints:C_0402_1005Metric","1"
"C932","C_22u_25V_0805","antmicro-footprints:C_0805_2012Metric","1"
"C933","C_100n_0402","antmicro-footprints:C_0402_1005Metric","1"
"C934","C_100n_0402","antmicro-footprints:C_0402_1005Metric","1"
"C935","C_100n_0402","antmicro-footprints:C_0402_1005Metric","1"
"C936","C_100n_0402","antmicro-footprints:C_0402_1005Metric","1"
"D201","LED_G_0603_KP-1608CGCK","antmicro-footprints:LED_0603_1608Metric_G","1"
"D202","LED_G_0603_KP-1608CGCK","antmicro-footprints:LED_0603_1608Metric_G","1"
"D203","TPD1E0B04_XDFN-2","antmicro-footprints:XDFN-2_1x0.60mm","1"
"D204","TPD1E0B04_XDFN-2","antmicro-footprints:XDFN-2_1x0.60mm","1"
"D205","LED_G_0603_KP-1608CGCK","antmicro-footprints:LED_0603_1608Metric_G","1"
"D206","LED_G_0603_KP-1608CGCK","antmicro-footprints:LED_0603_1608Metric_G","1"
"D301","SMF4L15A","antmicro-footprints:SOD-123FL","1"
"D302","LED_G_0603_KP-1608CGCK","antmicro-footprints:LED_0603_1608Metric_G","1"
"D303","SMF4L15A","antmicro-footprints:SOD-123FL","1"
"D304","LED_G_0603_KP-1608CGCK","antmicro-footprints:LED_0603_1608Metric_G","1"
"D305","LED_G_0603_KP-1608CGCK","antmicro-footprints:LED_0603_1608Metric_G","1"
"D306","LED_G_0603_KP-1608CGCK","antmicro-footprints:LED_0603_1608Metric_G","1"
"D401","CD-MMBL110S","antmicro-footprints:DFN3538","1"
"D402","CD-MMBL110S","antmicro-footprints:DFN3538","1"
"D403","PTVS58VS1UR,115","antmicro-footprints:D_SOD-123F","1"
"D404","LED_G_0603_KP-1608CGCK","antmicro-footprints:LED_0603_1608Metric_G","1"
"D501","PUSB3F96X_PASS","antmicro-footprints:Nexperia_DFN-10_2.5x1mm_P0.5mm","1"
"D502","PUSB3F96X_PASS","antmicro-footprints:Nexperia_DFN-10_2.5x1mm_P0.5mm","1"
"D503","LED_G_0603_KP-1608CGCK","antmicro-footprints:LED_0603_1608Metric_G","1"
"D504","TPD1E0B04_XDFN-2","antmicro-footprints:XDFN-2_1x0.60mm","1"
"D601","LED_G_0603_KP-1608CGCK","antmicro-footprints:LED_0603_1608Metric_G","1"
"D602","LED_G_0603_KP-1608CGCK","antmicro-footprints:LED_0603_1608Metric_G","1"
"D603","PESD5Z5_0F","antmicro-footprints:SOD-523","1"
"D604","PESD5Z5_0F","antmicro-footprints:SOD-523","1"
"D701","PUSB3F96X_PASS","antmicro-footprints:Nexperia_DFN-10_2.5x1mm_P0.5mm","1"
"D702","PUSB3F96X_PASS","antmicro-footprints:Nexperia_DFN-10_2.5x1mm_P0.5mm","1"
"D703","PUSB3F96X_PASS","antmicro-footprints:Nexperia_DFN-10_2.5x1mm_P0.5mm","1"
"D704","PUSB3F96X_PASS","antmicro-footprints:Nexperia_DFN-10_2.5x1mm_P0.5mm","1"
"D705","PUSB3F96X_PASS","antmicro-footprints:Nexperia_DFN-10_2.5x1mm_P0.5mm","1"
"D706","PUSB3F96X_PASS","antmicro-footprints:Nexperia_DFN-10_2.5x1mm_P0.5mm","1"
"D707","PUSB3F96X_PASS","antmicro-footprints:Nexperia_DFN-10_2.5x1mm_P0.5mm","1"
"D708","PUSB3F96X_PASS","antmicro-footprints:Nexperia_DFN-10_2.5x1mm_P0.5mm","1"
"D709","PESD5Z5_0F","antmicro-footprints:SOD-523","1"
"D710","RB521S30T1G","antmicro-footprints:SOD-523","1"
"D711","TPD1E0B04_XDFN-2","antmicro-footprints:XDFN-2_1x0.60mm","1"
"D712","PESD5Z5_0F","antmicro-footprints:SOD-523","1"
"D801","PUSB3F96X_PASS","antmicro-footprints:Nexperia_DFN-10_2.5x1mm_P0.5mm","1"
"D802","PUSB3F96X_PASS","antmicro-footprints:Nexperia_DFN-10_2.5x1mm_P0.5mm","1"
"D803","PUSB3F96X_PASS","antmicro-footprints:Nexperia_DFN-10_2.5x1mm_P0.5mm","1"
"D804","PUSB3F96X_PASS","antmicro-footprints:Nexperia_DFN-10_2.5x1mm_P0.5mm","1"
"D805","PUSB3F96X_PASS","antmicro-footprints:Nexperia_DFN-10_2.5x1mm_P0.5mm","1"
"D806","PUSB3F96X_PASS","antmicro-footprints:Nexperia_DFN-10_2.5x1mm_P0.5mm","1"
"D807","PUSB3F96X_PASS","antmicro-footprints:Nexperia_DFN-10_2.5x1mm_P0.5mm","1"
"D808","PUSB3F96X_PASS","antmicro-footprints:Nexperia_DFN-10_2.5x1mm_P0.5mm","1"
"D809","PUSB3F96X_PASS","antmicro-footprints:Nexperia_DFN-10_2.5x1mm_P0.5mm","1"
"D810","PUSB3F96X_PASS","antmicro-footprints:Nexperia_DFN-10_2.5x1mm_P0.5mm","1"
"D811","RB521S30T1G","antmicro-footprints:SOD-523","1"
"D901","PUSB3F96X_PASS","antmicro-footprints:Nexperia_DFN-10_2.5x1mm_P0.5mm","1"
"D902","PUSB3F96X_PASS","antmicro-footprints:Nexperia_DFN-10_2.5x1mm_P0.5mm","1"
"D903","PESD5Z5_0F","antmicro-footprints:SOD-523","1"
"D904","SMF4L15A","antmicro-footprints:SOD-123FL","1"
"D905","LED_G_0603_KP-1608CGCK","antmicro-footprints:LED_0603_1608Metric_G","1"
"D906","LED_G_0603_KP-1608CGCK","antmicro-footprints:LED_0603_1608Metric_G","1"
"D907","LED_G_0603_KP-1608CGCK","antmicro-footprints:LED_0603_1608Metric_G","1"
"D908","RB521S30T1G","antmicro-footprints:SOD-523","1"
"D910","RB521S30T1G","antmicro-footprints:SOD-523","1"
"D911","LED_Y_0402_VLMY1500-GS08","antmicro-footprints:LED_0402_1005Metric_Y","1"
"D912","LED_G_0603_KP-1608CGCK","antmicro-footprints:LED_0603_1608Metric_G","1"
"FB401","FB_220Z_2.2A_TDK-MPZ_0603","antmicro-footprints:FB_0603_1608Metric","1"
"FB402","FB_220Z_2.2A_TDK-MPZ_0603","antmicro-footprints:FB_0603_1608Metric","1"
"FB701","FB_220Z_2.2A_TDK-MPZ_0603","antmicro-footprints:FB_0603_1608Metric","1"
"FB702","FB_220Z_2.2A_TDK-MPZ_0603","antmicro-footprints:FB_0603_1608Metric","1"
"FB901","FB_120Z_1.3A_Murata-BLM15PD_0402","antmicro-footprints:FB_0402_1005Metric","1"
"FB902","FB_120Z_1.3A_Murata-BLM15PD_0402","antmicro-footprints:FB_0402_1005Metric","1"
"FB903","FB_120Z_1.3A_Murata-BLM15PD_0402","antmicro-footprints:FB_0402_1005Metric","1"
"H101","Spacer_Drill3.7mm_H6mm_9774060151R","antmicro-footprints:Spacer_Drill3.7mm_H6mm_9774060151R","1"
"H102","Spacer_Drill3.7mm_H6mm_9774060151R","antmicro-footprints:Spacer_Drill3.7mm_H6mm_9774060151R","1"
"H103","Spacer_Drill3.7mm_H6mm_9774060151R","antmicro-footprints:Spacer_Drill3.7mm_H6mm_9774060151R","1"
"H104","Spacer_Drill3.7mm_H6mm_9774060151R","antmicro-footprints:Spacer_Drill3.7mm_H6mm_9774060151R","1"
"H201","Spacer_Drill3.7mm_H3mm_9774030151R","antmicro-footprints:Spacer_Drill3.7mm_H3mm_9774030151R","1"
"H202","Spacer_Drill3.7mm_H3mm_9774030151R","antmicro-footprints:Spacer_Drill3.7mm_H3mm_9774030151R","1"
"H203","Spacer_Drill3.7mm_H3mm_9774030151R","antmicro-footprints:Spacer_Drill3.7mm_H3mm_9774030151R","1"
"H204","Spacer_Drill3.7mm_H3mm_9774030151R","antmicro-footprints:Spacer_Drill3.7mm_H3mm_9774030151R","1"
"H501","Spacer_Drill3.7mm_H2.5mm_9774025151R","antmicro-footprints:Spacer_Drill3.7mm_H2.5mm_9774025151R","1"
"H701","Spacer_Drill3.7mm_H2mm_9774020151R","antmicro-footprints:Spacer_Drill3.7mm_H2mm_9774020151R","1"
"J201","Socket_Hirose_DF40_2x50_DF40HC-3.0-100DS-0.4V","antmicro-footprints:Conn_Socket_Hirose_DF40_2x50_DF40HC-3.0-100DS-0.4V","1"
"J202","Socket_Hirose_DF40_2x50_DF40HC-3.0-100DS-0.4V","antmicro-footprints:Conn_Socket_Hirose_DF40_2x50_DF40HC-3.0-100DS-0.4V","1"
"J301","Molex_Nano-Fit_1x2_SMD_1054301202","antmicro-footprints:Conn_Molex_Nano-Fit_1x2_SMD_1054301202","1"
"J401","Bus_RJ45_5-2337992-8","antmicro-footprints:RJ45_X-2337992-8_Horizontal","1"
"J501","Bus_M.2_1-2199230-6","antmicro-footprints:Bus_M.2_Socket_Key_M_TE_1-2199230-6","1"
"J502","MicroSD_1140084168","antmicro-footprints:MicroSD_Amphenol_1140084168","1"
"J601","Conn_FFC_WE_68715014522","antmicro-footprints:Conn_FFC_WE_68715014x22","1"
"J701","Socket_Molex_SlimStack_2x20_543630489","antmicro-footprints:Conn_Socket_Molex_SlimStack_2x20_543630489","1"
"J702","HDMI-A_WE_685119134923","antmicro-footprints:HDMI-A_Receptacle_WE_685119134923","1"
"J801","Socket_Samtec_ERF5_2x20_ERF5-020-05.0-L-DV-K-TR","antmicro-footprints:Conn_Socket_Samtec_ERF5_2x20_ERF5-020-05.0-L-DV-K-TR","1"
"J802","JST_SH_1x4_SM04B-SRSS-TB-LF-SN","antmicro-footprints:Conn_JST_SH_1x4_SM04B-SRSS-TB-LF-SN","1"
"J803","JST_SH_1x4_SM04B-SRSS-TB-LF-SN","antmicro-footprints:Conn_JST_SH_1x4_SM04B-SRSS-TB-LF-SN","1"
"J804","JST_SH_1x2_SM02B-SRSS-TB-LF-SN","antmicro-footprints:Conn_JST_SH_1x2_SM02B-SRSS-TB-LF-SN","1"
"J901","USB-C_GCT_USB4105-GF-A","antmicro-footprints:USB-C_Receptacle_GCT_USB4105-GF-A","1"
"J902","USB-C_GCT_USB4105-GF-A","antmicro-footprints:USB-C_Receptacle_GCT_USB4105-GF-A","1"
"L301","L_1u_5.5A_Bourns-SRP3212A","antmicro-footprints:L_Bourns-SRP3212A","1"
"L302","L_1u_5.5A_Bourns-SRP3212A","antmicro-footprints:L_Bourns-SRP3212A","1"
"L303","L_1u8_14A_Coilcraft-XAL6030","antmicro-footprints:L_Coilcraft-XAL6030","1"
"L801","L_160n_0.28A_0603","antmicro-footprints:L_TE_0603_1811Metric","1"
"L802","L_160n_0.28A_0603","antmicro-footprints:L_TE_0603_1811Metric","1"
"L901","L_1u_5.5A_Bourns-SRP3212A","antmicro-footprints:L_Bourns-SRP3212A","1"
"Q201","PJE138K","antmicro-footprints:SOT-523","1"
"Q202","SSM3J332R","antmicro-footprints:SOT-23-3","1"
"Q203","SSM3J332R","antmicro-footprints:SOT-23-3","1"
"Q204","SSM3J332R","antmicro-footprints:SOT-23-3","1"
"Q205","SSM3J332R","antmicro-footprints:SOT-23-3","1"
"Q206","SSM3J332R","antmicro-footprints:SOT-23-3","1"
"Q207","PJE138K","antmicro-footprints:SOT-523","1"
"Q208","PJE138K","antmicro-footprints:SOT-523","1"
"Q209","PJE138K","antmicro-footprints:SOT-523","1"
"Q210","PJE138K","antmicro-footprints:SOT-523","1"
"Q211","PJE138K","antmicro-footprints:SOT-523","1"
"Q212","SSM3J332R","antmicro-footprints:SOT-23-3","1"
"Q213","PJE138K","antmicro-footprints:SOT-523","1"
"Q214","PJE138K","antmicro-footprints:SOT-523","1"
"Q301","DZDH0401DW","antmicro-footprints:SOT-363","1"
"Q302","DZDH0401DW","antmicro-footprints:SOT-363","1"
"Q303","DZDH0401DW","antmicro-footprints:SOT-363","1"
"Q304","SQS401EN-T1_BE3","antmicro-footprints:Vishay_PowerPAK_1212-8_Single","1"
"Q305","SQS401EN-T1_BE3","antmicro-footprints:Vishay_PowerPAK_1212-8_Single","1"
"Q306","SQS401EN-T1_BE3","antmicro-footprints:Vishay_PowerPAK_1212-8_Single","1"
"Q307","SQS401EN-T1_BE3","antmicro-footprints:Vishay_PowerPAK_1212-8_Single","1"
"Q401","PJE138K","antmicro-footprints:SOT-523","1"
"Q901","PJE138K","antmicro-footprints:SOT-523","1"
"Q902","SQS401EN-T1_BE3","antmicro-footprints:Vishay_PowerPAK_1212-8_Single","1"
"Q903","SSM3J332R","antmicro-footprints:SOT-23-3","1"
"Q904","PJE138K","antmicro-footprints:SOT-523","1"
"Q905","PJE138K","antmicro-footprints:SOT-523","1"
"Q906","PJE138K","antmicro-footprints:SOT-523","1"
"R1","R_100k_0402","antmicro-footprints:R_0402_1005Metric","1"
"R2","R_0R_0402","antmicro-footprints:R_0402_1005Metric","1"
"R3","R_0R_0402","antmicro-footprints:R_0402_1005Metric","1"
"R201","R_0R_0402","antmicro-footprints:R_0402_1005Metric","1"
"R203","R_100k_0402","antmicro-footprints:R_0402_1005Metric","1"
"R204","R_100k_0402","antmicro-footprints:R_0402_1005Metric","1"
"R207","R_1k_0402","antmicro-footprints:R_0402_1005Metric","1"
"R210","R_470R_0402","antmicro-footprints:R_0402_1005Metric","1"
"R211","R_470R_0402","antmicro-footprints:R_0402_1005Metric","1"
"R212","R_100k_0402","antmicro-footprints:R_0402_1005Metric","1"
"R213","R_100k_0402","antmicro-footprints:R_0402_1005Metric","1"
"R214","R_100k_0402","antmicro-footprints:R_0402_1005Metric","1"
"R215","R_2k2_0402","antmicro-footprints:R_0402_1005Metric","1"
"R216","R_0R_0402","antmicro-footprints:R_0402_1005Metric","1"
"R217","R_0R_0402","antmicro-footprints:R_0402_1005Metric","1"
"R218","R_0R_0402","antmicro-footprints:R_0402_1005Metric","1"
"R219","R_0R_0402","antmicro-footprints:R_0402_1005Metric","1"
"R220","R_0R_0402","antmicro-footprints:R_0402_1005Metric","1"
"R221","R_0R_0402","antmicro-footprints:R_0402_1005Metric","1"
"R222","R_0R_0402","antmicro-footprints:R_0402_1005Metric","1"
"R223","R_0R_0402","antmicro-footprints:R_0402_1005Metric","1"
"R224","R_1k_0402","antmicro-footprints:R_0402_1005Metric","1"
"R225","R_0R_0402","antmicro-footprints:R_0402_1005Metric","1"
"R226","R_0R_0402","antmicro-footprints:R_0402_1005Metric","1"
"R227","R_0R_0402","antmicro-footprints:R_0402_1005Metric","1"
"R228","R_0R_0402","antmicro-footprints:R_0402_1005Metric","1"
"R229","R_1k_0402","antmicro-footprints:R_0402_1005Metric","1"
"R231","R_10k_0402","antmicro-footprints:R_0402_1005Metric","1"
"R233","R_10k_0402","antmicro-footprints:R_0402_1005Metric","1"
"R234","R_10k_0402","antmicro-footprints:R_0402_1005Metric","1"
"R235","R_10k_0402","antmicro-footprints:R_0402_1005Metric","1"
"R237","R_10k_0402","antmicro-footprints:R_0402_1005Metric","1"
"R238","R_10k_0402","antmicro-footprints:R_0402_1005Metric","1"
"R239","R_0R_0402","antmicro-footprints:R_0402_1005Metric","1"
"R240","R_0R_0402","antmicro-footprints:R_0402_1005Metric","1"
"R241","R_2k2_0402","antmicro-footprints:R_0402_1005Metric","1"
"R243","R_2k2_0402","antmicro-footprints:R_0402_1005Metric","1"
"R258","R_0R_0402","antmicro-footprints:R_0402_1005Metric","1"
"R259","R_0R_0402","antmicro-footprints:R_0402_1005Metric","1"
"R260","R_100k_0402","antmicro-footprints:R_0402_1005Metric","1"
"R261","R_100k_0402","antmicro-footprints:R_0402_1005Metric","1"
"R262","R_100k_0402","antmicro-footprints:R_0402_1005Metric","1"
"R263","R_100k_0402","antmicro-footprints:R_0402_1005Metric","1"
"R301","R_33k_0402","antmicro-footprints:R_0402_1005Metric","1"
"R302","R_33k_0402","antmicro-footprints:R_0402_1005Metric","1"
"R303","R_33k_0402","antmicro-footprints:R_0402_1005Metric","1"
"R304","R_470k_0402","antmicro-footprints:R_0402_1005Metric","1"
"R305","R_470k_0402","antmicro-footprints:R_0402_1005Metric","1"
"R306","R_470k_0402","antmicro-footprints:R_0402_1005Metric","1"
"R307","R_4k7_0402","antmicro-footprints:R_0402_1005Metric","1"
"R309","R_4k7_0402","antmicro-footprints:R_0402_1005Metric","1"
"R310","R_10k_0402","antmicro-footprints:R_0402_1005Metric","1"
"R311","R_10k_0402","antmicro-footprints:R_0402_1005Metric","1"
"R312","R_10k_0402","antmicro-footprints:R_0402_1005Metric","1"
"R313","R_33k_0402","antmicro-footprints:R_0402_1005Metric","1"
"R314","R_10k_0402","antmicro-footprints:R_0402_1005Metric","1"
"R315","R_100k_0402","antmicro-footprints:R_0402_1005Metric","1"
"R316","R_15k_0402","antmicro-footprints:R_0402_1005Metric","1"
"R317","R_2k_0402","antmicro-footprints:R_0402_1005Metric","1"
"R318","R_6k8_0402","antmicro-footprints:R_0402_1005Metric","1"
"R319","R_2k2_0402","antmicro-footprints:R_0402_1005Metric","1"
"R320","R_6k8_0402","antmicro-footprints:R_0402_1005Metric","1"
"R321","R_2k2_0402","antmicro-footprints:R_0402_1005Metric","1"
"R322","R_0R_22.4A_0603","antmicro-footprints:R_0603_1608Metric","1"
"R323","R_0R_22.4A_0603","antmicro-footprints:R_0603_1608Metric","1"
"R324","R_0R_22.4A_0603","antmicro-footprints:R_0603_1608Metric","1"
"R325","R_1k_0402","antmicro-footprints:R_0402_1005Metric","1"
"R326","R_470R_0402","antmicro-footprints:R_0402_1005Metric","1"
"R327","R_470R_0402","antmicro-footprints:R_0402_1005Metric","1"
"R401","R_1k3_0402","antmicro-footprints:R_0402_1005Metric","1"
"R402","R_49k9_0402","antmicro-footprints:R_0402_1005Metric","1"
"R403","R_0R_0402","antmicro-footprints:R_0402_1005Metric","1"
"R404","R_63R4_0603","antmicro-footprints:R_0603_1608Metric","1"
"R405","R_1k2_0402","antmicro-footprints:R_0402_1005Metric","1"
"R406","R_24k9_0402","antmicro-footprints:R_0402_1005Metric","1"
"R408","R_10k_0402","antmicro-footprints:R_0402_1005Metric","1"
"R411","R_200R_0402","antmicro-footprints:R_0402_1005Metric","1"
"R412","R_200R_0402","antmicro-footprints:R_0402_1005Metric","1"
"R413","R_200R_0402","antmicro-footprints:R_0402_1005Metric","1"
"R414","R_24k9_0402","antmicro-footprints:R_0402_1005Metric","1"
"R415","R_470k_0402","antmicro-footprints:R_0402_1005Metric","1"
"R416","R_100k_0402","antmicro-footprints:R_0402_1005Metric","1"
"R418","R_470R_0402","antmicro-footprints:R_0402_1005Metric","1"
"R421","R_470R_0402","antmicro-footprints:R_0402_1005Metric","1"
"R501","R_10k_0402","antmicro-footprints:R_0402_1005Metric","1"
"R502","R_10k_0402","antmicro-footprints:R_0402_1005Metric","1"
"R503","R_10k_0402","antmicro-footprints:R_0402_1005Metric","1"
"R504","R_10k_0402","antmicro-footprints:R_0402_1005Metric","1"
"R505","R_470R_0402","antmicro-footprints:R_0402_1005Metric","1"
"R506","R_10k_0402","antmicro-footprints:R_0402_1005Metric","1"
"R507","R_10k_0402","antmicro-footprints:R_0402_1005Metric","1"
"R508","R_10k_0402","antmicro-footprints:R_0402_1005Metric","1"
"R509","R_10k_0402","antmicro-footprints:R_0402_1005Metric","1"
"R510","R_470R_0402","antmicro-footprints:R_0402_1005Metric","1"
"R511","R_10k_0402","antmicro-footprints:R_0402_1005Metric","1"
"R512","R_470R_0402","antmicro-footprints:R_0402_1005Metric","1"
"R513","R_10k_0402","antmicro-footprints:R_0402_1005Metric","1"
"R601","R_100k_0402","antmicro-footprints:R_0402_1005Metric","1"
"R602","R_10k_0402","antmicro-footprints:R_0402_1005Metric","1"
"R603","R_10k_0402","antmicro-footprints:R_0402_1005Metric","1"
"R604","R_4k7_0402","antmicro-footprints:R_0402_1005Metric","1"
"R605","R_4k7_0402","antmicro-footprints:R_0402_1005Metric","1"
"R606","R_1k_0402","antmicro-footprints:R_0402_1005Metric","1"
"R607","R_470R_0402","antmicro-footprints:R_0402_1005Metric","1"
"R701","R_4x100R_0402_array","antmicro-footprints:R_Array_4x0402_Panasonic_EXB28V","1"
"R705","R_4x100R_0402_array","antmicro-footprints:R_Array_4x0402_Panasonic_EXB28V","1"
"R706","R_4x100R_0402_array","antmicro-footprints:R_Array_4x0402_Panasonic_EXB28V","1"
"R802","R_0R_0402","antmicro-footprints:R_0402_1005Metric","1"
"R804","R_10k_0402","antmicro-footprints:R_0402_1005Metric","1"
"R806","R_10k_0402","antmicro-footprints:R_0402_1005Metric","1"
"R807","R_2k2_0402","antmicro-footprints:R_0402_1005Metric","1"
"R808","R_2k2_0402","antmicro-footprints:R_0402_1005Metric","1"
"R809","R_0R_0402","antmicro-footprints:R_0402_1005Metric","1"
"R810","R_0R_0402","antmicro-footprints:R_0402_1005Metric","1"
"R811","R_2k2_0402","antmicro-footprints:R_0402_1005Metric","1"
"R901","R_1k_0402","antmicro-footprints:R_0402_1005Metric","1"
"R902","R_1k_0402","antmicro-footprints:R_0402_1005Metric","1"
"R903","R_910k_0402","antmicro-footprints:R_0402_1005Metric","1"
"R904","R_100k_0402","antmicro-footprints:R_0402_1005Metric","1"
"R905","R_4k7_0402","antmicro-footprints:R_0402_1005Metric","1"
"R906","R_10k_0402","antmicro-footprints:R_0402_1005Metric","1"
"R907","R_2k2_0402","antmicro-footprints:R_0402_1005Metric","1"
"R909","R_10k_0402","antmicro-footprints:R_0402_1005Metric","1"
"R910","R_10k_0402","antmicro-footprints:R_0402_1005Metric","1"
"R912","R_6k8_0402","antmicro-footprints:R_0402_1005Metric","1"
"R913","R_2k2_0402","antmicro-footprints:R_0402_1005Metric","1"
"R914","R_100k_0402","antmicro-footprints:R_0402_1005Metric","1"
"R915","R_470k_0402","antmicro-footprints:R_0402_1005Metric","1"
"R916","R_100k_0402","antmicro-footprints:R_0402_1005Metric","1"
"R917","R_15k_0402","antmicro-footprints:R_0402_1005Metric","1"
"R918","R_470R_0402","antmicro-footprints:R_0402_1005Metric","1"
"R919","R_0R_0402","antmicro-footprints:R_0402_1005Metric","1"
"R920","R_470R_0402","antmicro-footprints:R_0402_1005Metric","1"
"R921","R_470R_0402","antmicro-footprints:R_0402_1005Metric","1"
"R922","R_12k_0402","antmicro-footprints:R_0402_1005Metric","1"
"R923","R_2k2_0402","antmicro-footprints:R_0402_1005Metric","1"
"R924","R_10k_0402","antmicro-footprints:R_0402_1005Metric","1"
"R925","R_100k_0402","antmicro-footprints:R_0402_1005Metric","1"
"R926","R_200R_0402","antmicro-footprints:R_0402_1005Metric","1"
"R927","R_4k7_0402","antmicro-footprints:R_0402_1005Metric","1"
"R928","R_10k_0402","antmicro-footprints:R_0402_1005Metric","1"
"R929","R_10k_0402","antmicro-footprints:R_0402_1005Metric","1"
"R930","R_10k_0402","antmicro-footprints:R_0402_1005Metric","1"
"R931","R_0R_0402","antmicro-footprints:R_0402_1005Metric","1"
"R933","R_10k_0402","antmicro-footprints:R_0402_1005Metric","1"
"R934","R_10k_0402","antmicro-footprints:R_0402_1005Metric","1"
"S201","SW_KMR211NGLFS_SMD","antmicro-footprints:SW_KMR211NGLFS_SMD","1"
"S202","SW_KMR211NGLFS_SMD","antmicro-footprints:SW_KMR211NGLFS_SMD","1"
"S203","CAS-120TA","antmicro-footprints:Switch_Slide_CAS-120TA","1"
"T901","Choke_DLW21SN900SQ2L","antmicro-footprints:Choke_Murata-DLW21","1"
"T902","Choke_DLW21SN900SQ2L","antmicro-footprints:Choke_Murata-DLW21","1"
"U201","TXB0104_UQFN","antmicro-footprints:UQFN-12_2x1.7mm_P0.4mm_Texas_RUT","1"
"U203","TXB0104_UQFN","antmicro-footprints:UQFN-12_2x1.7mm_P0.4mm_Texas_RUT","1"
"U204","MCP23017T-E_QFN","antmicro-footprints:QFN-28-1EP_6x6mm_P0.65mm_EP3.7x3.7mm","1"
"U301","AP62301_TSOT","antmicro-footprints:TSOT23-6","1"
"U302","AP62301_TSOT","antmicro-footprints:TSOT23-6","1"
"U303","AP62600SJ-7","antmicro-footprints:V-QFN2030-12","1"
"U401","TPS2372-3RGWR","antmicro-footprints:VQFN-20_5x5x1mm_P0.65mm","1"
"U402","ACPL-217-500E","antmicro-footprints:SOIC-4_4.55x2.6mm_P1.27mm","1"
"U403","ULS-12_5-D48N-C","antmicro-footprints:Conv_Murata_ULS-60W","1"
"U601","AP22615A_TSOT26","antmicro-footprints:TSOT23-6","1"
"U602","AP22615A_TSOT26","antmicro-footprints:TSOT23-6","1"
"U801","PN7160A1_VFQFN","antmicro-footprints:VFQFN-40-1EP_6x6mm","1"
"U802","DS1338_SOIC","antmicro-footprints:SOIC-8_3.9x4.9x1.75mm_P1.27mm","1"
"U901","AP22615A_TSOT26","antmicro-footprints:TSOT23-6","1"
"U902","93AA66C_SOIC","antmicro-footprints:SOIC-8_3.9x4.9x1.75mm_P1.27mm","1"
"U903","AP62301_TSOT","antmicro-footprints:TSOT23-6","1"
"U904","NTS0104_DHVQFN","antmicro-footprints:DHVQFN-14-1EP_2.5x3mm","1"
"U905","FT4233HPQ","antmicro-footprints:QFN-76-1EP_9x9mm_P0.4mm_EP6.3x6.3mm","1"
"U906","TUSB321RWBR","antmicro-footprints:Texas_X2QFN-12_1.6x1.6mm_P0.4mm","1"
"U907","TXB0104_UQFN","antmicro-footprints:UQFN-12_2x1.7mm_P0.4mm_Texas_RUT","1"
"Y801","Resonator_27.12MHz_XRCGB","antmicro-footprints:Resonator_SMD_Murata_XRCGB_2x1.6x0.65mm","1"
"Y802","Resonator_32.768kHz_CM7V-T1A","antmicro-footprints:Resonator_SMD_MicroCrystal_CM7V-T1A_3.2x1.5x0.65mm","1"
"Y901","Resonator_12MHz_ABM8G","antmicro-footprints:Resonator_SMD_Abracon_ABM8G_3.2x2.5mm","1"
